Id;Nom;Commune;x;y
c0_0;Nom1;;50.684780;3.190595
c0_1;Nom2;;50.685602;3.190906
c1_0;Nom3;;50.684589;3.182259
c2_0;Nom4;;50.682481;3.179139
c._0;Nom5;;50.681945;3.186629